INSERT INTO "USER_POS" (CREATEDAT, UPDATEDAT, ID, EMAIL, NAME) VALUES
    (CURRENT_DATE(),CURRENT_DATE(),'e880a105-a9f9-4c9f-be88-7701498128bb','admin@gdgguadalajara.com','admin'),
    (CURRENT_DATE(),CURRENT_DATE(),'8b7589a5-e03c-4b39-a0db-79d809503c63','cashier@gdgguadalajara.com','cashier'),
    (CURRENT_DATE(),CURRENT_DATE(), '397c4452-692f-4dd5-ab2a-6149718dc321', 'waiter@gdgguadalajara.com', 'waiter');

INSERT INTO "ACCOUNT" (CREATEDAT, UPDATEDAT, ID, USER_ID, PASSWORD, ROLE, STATUS, USERNAME) VALUES
    (CURRENT_DATE(),CURRENT_DATE(),'621d7eea-86eb-414f-9c0d-c4ac2af28783','e880a105-a9f9-4c9f-be88-7701498128bb','fb001dfcffd1c899f3297871406242f097aecf1a5342ccf3ebcd116146188e4b','ADMIN','ACTIVE','admin'),
    (CURRENT_DATE(),CURRENT_DATE(),'e0ff54f5-650c-4930-b69f-dab4dd53417d','8b7589a5-e03c-4b39-a0db-79d809503c63','5c059532f570b150b396b6da22f56a6595efc66775bbf2dde2217d6b86bcfa6b','CASHIER','ACTIVE','cashier'),
    (CURRENT_DATE(),CURRENT_DATE(),'aa0c9fe3-30a2-434c-b68b-306ad4ed25d4','397c4452-692f-4dd5-ab2a-6149718dc321','c76510aa6e1941eaee9f450d1178d7300bd7fdf7c62736c9229a3fc5d10503c9', 'WAITER', 'ACTIVE', 'waiter');

INSERT INTO "CATEGORY" (ID, NAME, DESCRIPTION, ISENABLED, AVAILABLEFROM, AVAILABLEUNTIL, AVAILABLEFROMTIME, AVAILABLEUNTILTIME, CREATEDAT, UPDATEDAT) VALUES
    ('8dc5adc6-a42b-4b3f-b450-256c9a3415a6', 'Desayunos', 'Platillos disponibles solo en la mañana', true, CURRENT_DATE(), DATEADD('YEAR', 1, CURRENT_DATE()), '08:00:00', '11:59:59', CURRENT_DATE(), CURRENT_DATE()),
    ('0048970f-4bac-4f7b-8aef-5d483394305e', 'Comidas', 'Platillos disponibles para la tarde y noche', true, CURRENT_DATE(), DATEADD('YEAR', 1, CURRENT_DATE()), '12:00:00', '22:00:00', CURRENT_DATE(), CURRENT_DATE()),
    ('8896a220-9e75-438c-98eb-6e3ceebaace1', 'Bebidas sin alcohol', 'Bebidas refrescantes para todo el día', true, CURRENT_DATE(), DATEADD('YEAR', 1, CURRENT_DATE()), '08:00:00', '22:00:00', CURRENT_DATE(), CURRENT_DATE()),
    ('ac75d171-7084-44dd-8714-81f7cb8863b1', 'Bebidas con alcohol', 'Bebidas alcohólicas a partir del mediodía', true, CURRENT_DATE(), DATEADD('YEAR', 1, CURRENT_DATE()), '12:00:00', '22:00:00', CURRENT_DATE(), CURRENT_DATE()),
    ('1518d8b9-19ef-448a-be6a-79e63a05896d', 'Promociones', 'Promociones especiales del día', true, CURRENT_DATE(), DATEADD('YEAR', 1, CURRENT_DATE()), '08:00:00', '22:00:00', now(), now()),
    ('c1a9b8d7-e6f5-4c3b-a2d1-0e9f8c7b6a5d', 'Especiales entre semana', 'Disponibles de Lunes a Viernes', true, CURRENT_DATE(), DATEADD('YEAR', 1, CURRENT_DATE()), '08:00:00', '22:00:00', now(), now()),
    ('b2d1e0f9-c8b7-4a6d-9f5e-4c3b2a1d0e9f', 'Especiales de fin de semana', 'Disponibles Sábados y Domingos', true, CURRENT_DATE(), DATEADD('YEAR', 1, CURRENT_DATE()), '10:00:00', '23:00:00', now(), now());

INSERT INTO "CATEGORY_AVAILABLE_DAYS" (CATEGORY_ID, DAY_OF_WEEK) VALUES
    ('8dc5adc6-a42b-4b3f-b450-256c9a3415a6', 'MONDAY'), ('8dc5adc6-a42b-4b3f-b450-256c9a3415a6', 'TUESDAY'), ('8dc5adc6-a42b-4b3f-b450-256c9a3415a6', 'WEDNESDAY'), ('8dc5adc6-a42b-4b3f-b450-256c9a3415a6', 'THURSDAY'), ('8dc5adc6-a42b-4b3f-b450-256c9a3415a6', 'FRIDAY'), ('8dc5adc6-a42b-4b3f-b450-256c9a3415a6', 'SATURDAY'), ('8dc5adc6-a42b-4b3f-b450-256c9a3415a6', 'SUNDAY'),
    ('0048970f-4bac-4f7b-8aef-5d483394305e', 'MONDAY'), ('0048970f-4bac-4f7b-8aef-5d483394305e', 'TUESDAY'), ('0048970f-4bac-4f7b-8aef-5d483394305e', 'WEDNESDAY'), ('0048970f-4bac-4f7b-8aef-5d483394305e', 'THURSDAY'), ('0048970f-4bac-4f7b-8aef-5d483394305e', 'FRIDAY'), ('0048970f-4bac-4f7b-8aef-5d483394305e', 'SATURDAY'), ('0048970f-4bac-4f7b-8aef-5d483394305e', 'SUNDAY'),
    ('8896a220-9e75-438c-98eb-6e3ceebaace1', 'MONDAY'), ('8896a220-9e75-438c-98eb-6e3ceebaace1', 'TUESDAY'), ('8896a220-9e75-438c-98eb-6e3ceebaace1', 'WEDNESDAY'), ('8896a220-9e75-438c-98eb-6e3ceebaace1', 'THURSDAY'), ('8896a220-9e75-438c-98eb-6e3ceebaace1', 'FRIDAY'), ('8896a220-9e75-438c-98eb-6e3ceebaace1', 'SATURDAY'), ('8896a220-9e75-438c-98eb-6e3ceebaace1', 'SUNDAY'),
    ('ac75d171-7084-44dd-8714-81f7cb8863b1', 'MONDAY'), ('ac75d171-7084-44dd-8714-81f7cb8863b1', 'TUESDAY'), ('ac75d171-7084-44dd-8714-81f7cb8863b1', 'WEDNESDAY'), ('ac75d171-7084-44dd-8714-81f7cb8863b1', 'THURSDAY'), ('ac75d171-7084-44dd-8714-81f7cb8863b1', 'FRIDAY'), ('ac75d171-7084-44dd-8714-81f7cb8863b1', 'SATURDAY'), ('ac75d171-7084-44dd-8714-81f7cb8863b1', 'SUNDAY'),
    ('1518d8b9-19ef-448a-be6a-79e63a05896d', 'MONDAY'), ('1518d8b9-19ef-448a-be6a-79e63a05896d', 'TUESDAY'), ('1518d8b9-19ef-448a-be6a-79e63a05896d', 'WEDNESDAY'), ('1518d8b9-19ef-448a-be6a-79e63a05896d', 'THURSDAY'), ('1518d8b9-19ef-448a-be6a-79e63a05896d', 'FRIDAY'), ('1518d8b9-19ef-448a-be6a-79e63a05896d', 'SATURDAY'), ('1518d8b9-19ef-448a-be6a-79e63a05896d', 'SUNDAY'),
    ('c1a9b8d7-e6f5-4c3b-a2d1-0e9f8c7b6a5d', 'MONDAY'), ('c1a9b8d7-e6f5-4c3b-a2d1-0e9f8c7b6a5d', 'TUESDAY'), ('c1a9b8d7-e6f5-4c3b-a2d1-0e9f8c7b6a5d', 'WEDNESDAY'), ('c1a9b8d7-e6f5-4c3b-a2d1-0e9f8c7b6a5d', 'THURSDAY'), ('c1a9b8d7-e6f5-4c3b-a2d1-0e9f8c7b6a5d', 'FRIDAY'),
    ('b2d1e0f9-c8b7-4a6d-9f5e-4c3b2a1d0e9f', 'SATURDAY'), ('b2d1e0f9-c8b7-4a6d-9f5e-4c3b2a1d0e9f', 'SUNDAY');

-- Productos
INSERT INTO "PRODUCT" (ID, NAME, DESCRIPTION, PRICE, ISENABLED, AVAILABLEFROM, AVAILABLEUNTIL, AVAILABLEFROMTIME, AVAILABLEUNTILTIME, CREATEDAT, UPDATEDAT) VALUES
('38d551ef-4c8d-4702-98d4-feda9de26671', 'Chilaquiles Rojos', 'Totopos bañados en salsa roja con crema y queso', 85.00, true, CURRENT_DATE(), DATEADD('YEAR', 1, CURRENT_DATE()), '08:00:00', '11:59:59', CURRENT_DATE(), CURRENT_DATE()),
('693a5503-19b7-4fb9-af05-2b54b178e518', 'Huevos al Gusto', 'Dos huevos estrellados o revueltos', 70.00, true, CURRENT_DATE(), DATEADD('YEAR', 1, CURRENT_DATE()), '08:00:00', '11:59:59', CURRENT_DATE(), CURRENT_DATE()),
('13a8a161-3850-4aac-9449-fc68d210413d', 'Molletes', 'Pan con frijoles y queso gratinado', 60.00, true, CURRENT_DATE(), DATEADD('YEAR', 1, CURRENT_DATE()), '08:00:00', '11:00:00', CURRENT_DATE(), CURRENT_DATE()),
('13ed9842-3108-4abb-b4ed-d0fec84bfcbb', 'Hot Cakes', 'Tres piezas con miel y mantequilla', 75.00, true, CURRENT_DATE(), DATEADD('YEAR', 1, CURRENT_DATE()), '09:00:00', '11:59:59', CURRENT_DATE(), CURRENT_DATE()),
('570aa9ee-9256-4304-ab27-d67f5050e5b4', 'Fruta de Temporada', 'Plato de fruta fresca de temporada', 55.00, true, CURRENT_DATE(), DATEADD('YEAR', 1, CURRENT_DATE()), '08:00:00', '11:59:59', CURRENT_DATE(), CURRENT_DATE()),
('8c745075-b609-4b4c-921f-ce2ab0f58876', 'Sopa de Tortilla', 'Caldo de jitomate con tiras de tortilla frita', 65.00, true, CURRENT_DATE(), DATEADD('YEAR', 1, CURRENT_DATE()), '12:00:00', '22:00:00', CURRENT_DATE(), CURRENT_DATE()),
('e94c551f-e9d0-4c11-bb73-1a16176605fa', 'Enchiladas Suizas', 'Rellenas de pollo con salsa verde y queso', 120.00, true, CURRENT_DATE(), DATEADD('YEAR', 1, CURRENT_DATE()), '12:00:00', '22:00:00', CURRENT_DATE(), CURRENT_DATE()),
('4e898f0f-e07c-4ad6-a606-ed488b6d361a', 'Arrachera', '250g de arrachera a la parrilla', 250.00, true, CURRENT_DATE(), DATEADD('YEAR', 1, CURRENT_DATE()), '13:00:00', '22:00:00', CURRENT_DATE(), CURRENT_DATE()),
('6a9a90a3-0588-4864-803a-929dd4cc38cd', 'Pechuga a la Plancha', 'Pechuga de pollo con ensalada', 150.00, true, CURRENT_DATE(), DATEADD('YEAR', 1, CURRENT_DATE()), '12:00:00', '18:00:00', CURRENT_DATE(), CURRENT_DATE()),
('9a046364-56b5-47f8-9c7a-63ddeab5f7c7', 'Tacos de Pescado', 'Tres tacos estilo Baja', 130.00, true, CURRENT_DATE(), DATEADD('YEAR', 1, CURRENT_DATE()), '13:00:00', '21:00:00', CURRENT_DATE(), CURRENT_DATE()),
('11aaee85-b85c-46d4-b027-f0eca7e27e8d', 'Jugo de Naranja', 'Jugo natural recién exprimido', 40.00, true, CURRENT_DATE(), DATEADD('YEAR', 1, CURRENT_DATE()), '08:00:00', '12:00:00', CURRENT_DATE(), CURRENT_DATE()),
('bdb69a05-8459-426b-92e0-8abbfbf2453f', 'Café Americano', 'Café de grano de la casa', 35.00, true, CURRENT_DATE(), DATEADD('YEAR', 1, CURRENT_DATE()), '08:00:00', '22:00:00', CURRENT_DATE(), CURRENT_DATE()),
('e31b6dcd-c7d1-4c64-a8c8-85466beb1546', 'Limonada', 'Natural o mineral', 45.00, true, CURRENT_DATE(), DATEADD('YEAR', 1, CURRENT_DATE()), '11:00:00', '22:00:00', CURRENT_DATE(), CURRENT_DATE()),
('5c08078d-4be7-4813-80a6-9509dac35804', 'Refresco de Cola', 'Lata de 355ml', 30.00, true, CURRENT_DATE(), DATEADD('YEAR', 1, CURRENT_DATE()), '11:00:00', '22:00:00', CURRENT_DATE(), CURRENT_DATE()),
('1e19b492-acdc-4a2e-9ae0-e7404568af70', 'Agua de Horchata', 'Agua fresca del día', 35.00, true, CURRENT_DATE(), DATEADD('YEAR', 1, CURRENT_DATE()), '12:00:00', '20:00:00', CURRENT_DATE(), CURRENT_DATE()),
('b5aa0645-361d-4ff3-b068-be297a9ff2a2', 'Cerveza Nacional', 'Botella de 355ml', 50.00, true, CURRENT_DATE(), DATEADD('YEAR', 1, CURRENT_DATE()), '12:00:00', '22:00:00', CURRENT_DATE(), CURRENT_DATE()),
('61279e08-babc-432c-913c-fcfca27a28a6', 'Margarita', 'Tequila, limón y licor de naranja', 110.00, true, CURRENT_DATE(), DATEADD('YEAR', 1, CURRENT_DATE()), '13:00:00', '22:00:00', CURRENT_DATE(), CURRENT_DATE()),
('16bcf31c-3d94-4452-bbd2-6e0342f5b42d', 'Copa de Vino Tinto', 'Vino de la casa', 120.00, true, CURRENT_DATE(), DATEADD('YEAR', 1, CURRENT_DATE()), '18:00:00', '22:00:00', CURRENT_DATE(), CURRENT_DATE()),
('166de2d7-c513-4029-8543-c4077f192885', 'Tequila Reposado', 'Caballito de tequila', 90.00, true, CURRENT_DATE(), DATEADD('YEAR', 1, CURRENT_DATE()), '12:00:00', '22:00:00', CURRENT_DATE(), CURRENT_DATE()),
('d33611e0-f6f0-4a7c-bd1e-2b194f190996', 'Carajillo', 'Licor 43 con café espresso', 130.00, true, CURRENT_DATE(), DATEADD('YEAR', 1, CURRENT_DATE()), '16:00:00', '22:00:00', CURRENT_DATE(), CURRENT_DATE()),
('f71ba003-36bd-4b7f-889c-a81c1d6bf50d', '2x1 Cerveza Nacional', 'Dos cervezas nacionales por el precio de una', 50.00, true, CURRENT_DATE(), DATEADD('YEAR', 1, CURRENT_DATE()), '17:00:00', '19:00:00', CURRENT_DATE(), CURRENT_DATE()),
('1c3d8714-a971-4baa-bc8b-80251164e664', 'Tacos al Pastor 3x2', 'Paga 2 órdenes y llévate 3', 90.00, true, CURRENT_DATE(), DATEADD('YEAR', 1, CURRENT_DATE()), '18:00:00', '21:00:00', CURRENT_DATE(), CURRENT_DATE()),
('ac0718a4-0843-4d9c-8290-aff6167840df', 'Desayuno Buffet', 'Todo lo que puedas comer', 150.00, true, CURRENT_DATE(), DATEADD('YEAR', 1, CURRENT_DATE()), '09:00:00', '11:00:00', CURRENT_DATE(), CURRENT_DATE()),
('42548474-b6da-4f90-bfa1-323a26bd888c', 'Cubeta de Cerveza', '10 cervezas nacionales', 450.00, true, CURRENT_DATE(), DATEADD('YEAR', 1, CURRENT_DATE()), '14:00:00', '22:00:00', CURRENT_DATE(), CURRENT_DATE()),
('0fe2c9a0-fa88-43c1-9abb-f7e67aa52557', 'Noche de Margaritas', 'Margaritas a precio especial', 80.00, true, CURRENT_DATE(), DATEADD('YEAR', 1, CURRENT_DATE()), '19:00:00', '22:00:00', CURRENT_DATE(), CURRENT_DATE()),
('5e746876-6f7c-4df6-b430-f7df4230412b', 'Menú Ejecutivo', 'Sopa, plato fuerte y postre', 180.00, true, CURRENT_DATE(), DATEADD('YEAR', 1, CURRENT_DATE()), '13:00:00', '16:00:00', CURRENT_DATE(), CURRENT_DATE()),
('ef96cbd1-3bb9-4fad-ab48-7a8fb2b65d77', 'Lunes de Alitas', 'Alitas a 10 pesos la pieza', 10.00, true, CURRENT_DATE(), DATEADD('YEAR', 1, CURRENT_DATE()), '17:00:00', '22:00:00', CURRENT_DATE(), CURRENT_DATE()),
('647d6d5e-8b3b-4af7-b659-b5e5cc5a5120', 'Martes de Tostadas', 'Tostadas de ceviche', 70.00, true, CURRENT_DATE(), DATEADD('YEAR', 1, CURRENT_DATE()), '14:00:00', '20:00:00', CURRENT_DATE(), CURRENT_DATE()),
('2eff1ef4-916e-45a0-a84b-c7c075fd2011', 'Miércoles de Pozole', 'Plato de pozole rojo o blanco', 95.00, true, CURRENT_DATE(), DATEADD('YEAR', 1, CURRENT_DATE()), '15:00:00', '21:00:00', CURRENT_DATE(), CURRENT_DATE()),
('42b24a18-5d80-4380-a155-dda450ede720', 'Jueves de Hamburguesas', 'Hamburguesa clásica con papas', 140.00, true, CURRENT_DATE(), DATEADD('YEAR', 1, CURRENT_DATE()), '18:00:00', '22:00:00', CURRENT_DATE(), CURRENT_DATE()),
('b4ad7eb8-688c-4036-8218-37b2a7608530', 'Barbacoa de Res', 'Orden de barbacoa con consomé', 160.00, true, CURRENT_DATE(), DATEADD('YEAR', 1, CURRENT_DATE()), '10:00:00', '15:00:00', CURRENT_DATE(), CURRENT_DATE()),
('89a3bc1d-f955-4644-93d9-f33bf7fafde5', 'Carnitas', 'Por taco o por kilo', 25.00, true, CURRENT_DATE(), DATEADD('YEAR', 1, CURRENT_DATE()), '11:00:00', '16:00:00', CURRENT_DATE(), CURRENT_DATE()),
('9b540e6c-6f2b-43a1-a0da-efd8b4f90dcb', 'Parrillada (2 personas)', 'Arrachera, chorizo, pollo y guarniciones', 450.00, true, CURRENT_DATE(), DATEADD('YEAR', 1, CURRENT_DATE()), '14:00:00', '22:00:00', CURRENT_DATE(), CURRENT_DATE()),
('1086c4be-670b-4d4b-9043-f41a19097749', 'Paella Valenciana', 'Porción individual', 220.00, true, CURRENT_DATE(), DATEADD('YEAR', 1, CURRENT_DATE()), '13:00:00', '17:00:00', CURRENT_DATE(), CURRENT_DATE()),
('774ceab7-1dd1-4e78-891d-0ff872cb4986', 'Brunch Dominical', 'Incluye mimosas ilimitadas', 350.00, true, CURRENT_DATE(), DATEADD('YEAR', 1, CURRENT_DATE()), '10:00:00', '14:00:00', CURRENT_DATE(), CURRENT_DATE());

INSERT INTO "PRODUCT_AVAILABLE_DAYS" (PRODUCT_ID, DAY_OF_WEEK) VALUES
('38d551ef-4c8d-4702-98d4-feda9de26671', 'MONDAY'), ('38d551ef-4c8d-4702-98d4-feda9de26671', 'TUESDAY'), ('38d551ef-4c8d-4702-98d4-feda9de26671', 'WEDNESDAY'), ('38d551ef-4c8d-4702-98d4-feda9de26671', 'THURSDAY'), ('38d551ef-4c8d-4702-98d4-feda9de26671', 'FRIDAY'), ('38d551ef-4c8d-4702-98d4-feda9de26671', 'SATURDAY'), ('38d551ef-4c8d-4702-98d4-feda9de26671', 'SUNDAY'),
('693a5503-19b7-4fb9-af05-2b54b178e518', 'MONDAY'), ('693a5503-19b7-4fb9-af05-2b54b178e518', 'TUESDAY'), ('693a5503-19b7-4fb9-af05-2b54b178e518', 'WEDNESDAY'), ('693a5503-19b7-4fb9-af05-2b54b178e518', 'THURSDAY'), ('693a5503-19b7-4fb9-af05-2b54b178e518', 'FRIDAY'), ('693a5503-19b7-4fb9-af05-2b54b178e518', 'SATURDAY'), ('693a5503-19b7-4fb9-af05-2b54b178e518', 'SUNDAY'),
('13a8a161-3850-4aac-9449-fc68d210413d', 'MONDAY'), ('13a8a161-3850-4aac-9449-fc68d210413d', 'TUESDAY'), ('13a8a161-3850-4aac-9449-fc68d210413d', 'WEDNESDAY'), ('13a8a161-3850-4aac-9449-fc68d210413d', 'THURSDAY'), ('13a8a161-3850-4aac-9449-fc68d210413d', 'FRIDAY'),
('13ed9842-3108-4abb-b4ed-d0fec84bfcbb', 'SATURDAY'), ('13ed9842-3108-4abb-b4ed-d0fec84bfcbb', 'SUNDAY'),
('570aa9ee-9256-4304-ab27-d67f5050e5b4', 'MONDAY'), ('570aa9ee-9256-4304-ab27-d67f5050e5b4', 'TUESDAY'), ('570aa9ee-9256-4304-ab27-d67f5050e5b4', 'WEDNESDAY'), ('570aa9ee-9256-4304-ab27-d67f5050e5b4', 'THURSDAY'), ('570aa9ee-9256-4304-ab27-d67f5050e5b4', 'FRIDAY'), ('570aa9ee-9256-4304-ab27-d67f5050e5b4', 'SATURDAY'), ('570aa9ee-9256-4304-ab27-d67f5050e5b4', 'SUNDAY'),
('8c745075-b609-4b4c-921f-ce2ab0f58876', 'MONDAY'), ('8c745075-b609-4b4c-921f-ce2ab0f58876', 'TUESDAY'), ('8c745075-b609-4b4c-921f-ce2ab0f58876', 'WEDNESDAY'), ('8c745075-b609-4b4c-921f-ce2ab0f58876', 'THURSDAY'), ('8c745075-b609-4b4c-921f-ce2ab0f58876', 'FRIDAY'), ('8c745075-b609-4b4c-921f-ce2ab0f58876', 'SATURDAY'), ('8c745075-b609-4b4c-921f-ce2ab0f58876', 'SUNDAY'),
('e94c551f-e9d0-4c11-bb73-1a16176605fa', 'MONDAY'), ('e94c551f-e9d0-4c11-bb73-1a16176605fa', 'TUESDAY'), ('e94c551f-e9d0-4c11-bb73-1a16176605fa', 'WEDNESDAY'), ('e94c551f-e9d0-4c11-bb73-1a16176605fa', 'THURSDAY'), ('e94c551f-e9d0-4c11-bb73-1a16176605fa', 'FRIDAY'), ('e94c551f-e9d0-4c11-bb73-1a16176605fa', 'SATURDAY'), ('e94c551f-e9d0-4c11-bb73-1a16176605fa', 'SUNDAY'),
('4e898f0f-e07c-4ad6-a606-ed488b6d361a', 'MONDAY'), ('4e898f0f-e07c-4ad6-a606-ed488b6d361a', 'TUESDAY'), ('4e898f0f-e07c-4ad6-a606-ed488b6d361a', 'WEDNESDAY'), ('4e898f0f-e07c-4ad6-a606-ed488b6d361a', 'THURSDAY'), ('4e898f0f-e07c-4ad6-a606-ed488b6d361a', 'FRIDAY'), ('4e898f0f-e07c-4ad6-a606-ed488b6d361a', 'SATURDAY'), ('4e898f0f-e07c-4ad6-a606-ed488b6d361a', 'SUNDAY'),
('6a9a90a3-0588-4864-803a-929dd4cc38cd', 'MONDAY'), ('6a9a90a3-0588-4864-803a-929dd4cc38cd', 'TUESDAY'), ('6a9a90a3-0588-4864-803a-929dd4cc38cd', 'WEDNESDAY'), ('6a9a90a3-0588-4864-803a-929dd4cc38cd', 'THURSDAY'), ('6a9a90a3-0588-4864-803a-929dd4cc38cd', 'FRIDAY'),
('9a046364-56b5-47f8-9c7a-63ddeab5f7c7', 'FRIDAY'), ('9a046364-56b5-47f8-9c7a-63ddeab5f7c7', 'SATURDAY'), ('9a046364-56b5-47f8-9c7a-63ddeab5f7c7', 'SUNDAY'),
('11aaee85-b85c-46d4-b027-f0eca7e27e8d', 'MONDAY'), ('11aaee85-b85c-46d4-b027-f0eca7e27e8d', 'TUESDAY'), ('11aaee85-b85c-46d4-b027-f0eca7e27e8d', 'WEDNESDAY'), ('11aaee85-b85c-46d4-b027-f0eca7e27e8d', 'THURSDAY'), ('11aaee85-b85c-46d4-b027-f0eca7e27e8d', 'FRIDAY'), ('11aaee85-b85c-46d4-b027-f0eca7e27e8d', 'SATURDAY'), ('11aaee85-b85c-46d4-b027-f0eca7e27e8d', 'SUNDAY'),
('bdb69a05-8459-426b-92e0-8abbfbf2453f', 'MONDAY'), ('bdb69a05-8459-426b-92e0-8abbfbf2453f', 'TUESDAY'), ('bdb69a05-8459-426b-92e0-8abbfbf2453f', 'WEDNESDAY'), ('bdb69a05-8459-426b-92e0-8abbfbf2453f', 'THURSDAY'), ('bdb69a05-8459-426b-92e0-8abbfbf2453f', 'FRIDAY'), ('bdb69a05-8459-426b-92e0-8abbfbf2453f', 'SATURDAY'), ('bdb69a05-8459-426b-92e0-8abbfbf2453f', 'SUNDAY'),
('e31b6dcd-c7d1-4c64-a8c8-85466beb1546', 'MONDAY'), ('e31b6dcd-c7d1-4c64-a8c8-85466beb1546', 'TUESDAY'), ('e31b6dcd-c7d1-4c64-a8c8-85466beb1546', 'WEDNESDAY'), ('e31b6dcd-c7d1-4c64-a8c8-85466beb1546', 'THURSDAY'), ('e31b6dcd-c7d1-4c64-a8c8-85466beb1546', 'FRIDAY'), ('e31b6dcd-c7d1-4c64-a8c8-85466beb1546', 'SATURDAY'), ('e31b6dcd-c7d1-4c64-a8c8-85466beb1546', 'SUNDAY'),
('5c08078d-4be7-4813-80a6-9509dac35804', 'MONDAY'), ('5c08078d-4be7-4813-80a6-9509dac35804', 'TUESDAY'), ('5c08078d-4be7-4813-80a6-9509dac35804', 'WEDNESDAY'), ('5c08078d-4be7-4813-80a6-9509dac35804', 'THURSDAY'), ('5c08078d-4be7-4813-80a6-9509dac35804', 'FRIDAY'), ('5c08078d-4be7-4813-80a6-9509dac35804', 'SATURDAY'), ('5c08078d-4be7-4813-80a6-9509dac35804', 'SUNDAY'),
('1e19b492-acdc-4a2e-9ae0-e7404568af70', 'MONDAY'), ('1e19b492-acdc-4a2e-9ae0-e7404568af70', 'TUESDAY'), ('1e19b492-acdc-4a2e-9ae0-e7404568af70', 'WEDNESDAY'), ('1e19b492-acdc-4a2e-9ae0-e7404568af70', 'THURSDAY'), ('1e19b492-acdc-4a2e-9ae0-e7404568af70', 'FRIDAY'), ('1e19b492-acdc-4a2e-9ae0-e7404568af70', 'SATURDAY'), ('1e19b492-acdc-4a2e-9ae0-e7404568af70', 'SUNDAY'),
('b5aa0645-361d-4ff3-b068-be297a9ff2a2', 'MONDAY'), ('b5aa0645-361d-4ff3-b068-be297a9ff2a2', 'TUESDAY'), ('b5aa0645-361d-4ff3-b068-be297a9ff2a2', 'WEDNESDAY'), ('b5aa0645-361d-4ff3-b068-be297a9ff2a2', 'THURSDAY'), ('b5aa0645-361d-4ff3-b068-be297a9ff2a2', 'FRIDAY'), ('b5aa0645-361d-4ff3-b068-be297a9ff2a2', 'SATURDAY'), ('b5aa0645-361d-4ff3-b068-be297a9ff2a2', 'SUNDAY'),
('61279e08-babc-432c-913c-fcfca27a28a6', 'MONDAY'), ('61279e08-babc-432c-913c-fcfca27a28a6', 'TUESDAY'), ('61279e08-babc-432c-913c-fcfca27a28a6', 'WEDNESDAY'), ('61279e08-babc-432c-913c-fcfca27a28a6', 'THURSDAY'), ('61279e08-babc-432c-913c-fcfca27a28a6', 'FRIDAY'), ('61279e08-babc-432c-913c-fcfca27a28a6', 'SATURDAY'), ('61279e08-babc-432c-913c-fcfca27a28a6', 'SUNDAY'),
('16bcf31c-3d94-4452-bbd2-6e0342f5b42d', 'WEDNESDAY'), ('16bcf31c-3d94-4452-bbd2-6e0342f5b42d', 'THURSDAY'), ('16bcf31c-3d94-4452-bbd2-6e0342f5b42d', 'FRIDAY'), ('16bcf31c-3d94-4452-bbd2-6e0342f5b42d', 'SATURDAY'), ('16bcf31c-3d94-4452-bbd2-6e0342f5b42d', 'SUNDAY'),
('166de2d7-c513-4029-8543-c4077f192885', 'MONDAY'), ('166de2d7-c513-4029-8543-c4077f192885', 'TUESDAY'), ('166de2d7-c513-4029-8543-c4077f192885', 'WEDNESDAY'), ('166de2d7-c513-4029-8543-c4077f192885', 'THURSDAY'), ('166de2d7-c513-4029-8543-c4077f192885', 'FRIDAY'), ('166de2d7-c513-4029-8543-c4077f192885', 'SATURDAY'), ('166de2d7-c513-4029-8543-c4077f192885', 'SUNDAY'),
('d33611e0-f6f0-4a7c-bd1e-2b194f190996', 'THURSDAY'), ('d33611e0-f6f0-4a7c-bd1e-2b194f190996', 'FRIDAY'), ('d33611e0-f6f0-4a7c-bd1e-2b194f190996', 'SATURDAY'),
('f71ba003-36bd-4b7f-889c-a81c1d6bf50d', 'MONDAY'), ('f71ba003-36bd-4b7f-889c-a81c1d6bf50d', 'TUESDAY'), ('f71ba003-36bd-4b7f-889c-a81c1d6bf50d', 'WEDNESDAY'), ('f71ba003-36bd-4b7f-889c-a81c1d6bf50d', 'THURSDAY'), ('f71ba003-36bd-4b7f-889c-a81c1d6bf50d', 'FRIDAY'),
('1c3d8714-a971-4baa-bc8b-80251164e664', 'TUESDAY'),
('ac0718a4-0843-4d9c-8290-aff6167840df', 'SATURDAY'), ('ac0718a4-0843-4d9c-8290-aff6167840df', 'SUNDAY'),
('42548474-b6da-4f90-bfa1-323a26bd888c', 'FRIDAY'), ('42548474-b6da-4f90-bfa1-323a26bd888c', 'SATURDAY'), ('42548474-b6da-4f90-bfa1-323a26bd888c', 'SUNDAY'),
('0fe2c9a0-fa88-43c1-9abb-f7e67aa52557', 'THURSDAY'), ('0fe2c9a0-fa88-43c1-9abb-f7e67aa52557', 'FRIDAY'),
('5e746876-6f7c-4df6-b430-f7df4230412b', 'MONDAY'), ('5e746876-6f7c-4df6-b430-f7df4230412b', 'TUESDAY'), ('5e746876-6f7c-4df6-b430-f7df4230412b', 'WEDNESDAY'), ('5e746876-6f7c-4df6-b430-f7df4230412b', 'THURSDAY'), ('5e746876-6f7c-4df6-b430-f7df4230412b', 'FRIDAY'),
('ef96cbd1-3bb9-4fad-ab48-7a8fb2b65d77', 'MONDAY'),
('647d6d5e-8b3b-4af7-b659-b5e5cc5a5120', 'TUESDAY'),
('2eff1ef4-916e-45a0-a84b-c7c075fd2011', 'WEDNESDAY'),
('42b24a18-5d80-4380-a155-dda450ede720', 'THURSDAY'),
('b4ad7eb8-688c-4036-8218-37b2a7608530', 'SATURDAY'), ('b4ad7eb8-688c-4036-8218-37b2a7608530', 'SUNDAY'),
('89a3bc1d-f955-4644-93d9-f33bf7fafde5', 'SATURDAY'), ('89a3bc1d-f955-4644-93d9-f33bf7fafde5', 'SUNDAY'),
('9b540e6c-6f2b-43a1-a0da-efd8b4f90dcb', 'SATURDAY'), ('9b540e6c-6f2b-43a1-a0da-efd8b4f90dcb', 'SUNDAY'),
('1086c4be-670b-4d4b-9043-f41a19097749', 'SUNDAY'),
('774ceab7-1dd1-4e78-891d-0ff872cb4986', 'SUNDAY');

INSERT INTO CATEGORY_PRODUCT(PRODUCT_ID, CATEGORY_ID) VALUES
('38d551ef-4c8d-4702-98d4-feda9de26671', '8dc5adc6-a42b-4b3f-b450-256c9a3415a6'),
('693a5503-19b7-4fb9-af05-2b54b178e518', '8dc5adc6-a42b-4b3f-b450-256c9a3415a6'),
('13a8a161-3850-4aac-9449-fc68d210413d', '8dc5adc6-a42b-4b3f-b450-256c9a3415a6'),
('13ed9842-3108-4abb-b4ed-d0fec84bfcbb', '8dc5adc6-a42b-4b3f-b450-256c9a3415a6'),
('570aa9ee-9256-4304-ab27-d67f5050e5b4', '8dc5adc6-a42b-4b3f-b450-256c9a3415a6'),
('8c745075-b609-4b4c-921f-ce2ab0f58876', '0048970f-4bac-4f7b-8aef-5d483394305e'),
('e94c551f-e9d0-4c11-bb73-1a16176605fa', '0048970f-4bac-4f7b-8aef-5d483394305e'),
('4e898f0f-e07c-4ad6-a606-ed488b6d361a', '0048970f-4bac-4f7b-8aef-5d483394305e'),
('6a9a90a3-0588-4864-803a-929dd4cc38cd', '0048970f-4bac-4f7b-8aef-5d483394305e'),
('9a046364-56b5-47f8-9c7a-63ddeab5f7c7', '0048970f-4bac-4f7b-8aef-5d483394305e'),
('11aaee85-b85c-46d4-b027-f0eca7e27e8d', '8896a220-9e75-438c-98eb-6e3ceebaace1'),
('bdb69a05-8459-426b-92e0-8abbfbf2453f', '8896a220-9e75-438c-98eb-6e3ceebaace1'),
('e31b6dcd-c7d1-4c64-a8c8-85466beb1546', '8896a220-9e75-438c-98eb-6e3ceebaace1'),
('5c08078d-4be7-4813-80a6-9509dac35804', '8896a220-9e75-438c-98eb-6e3ceebaace1'),
('1e19b492-acdc-4a2e-9ae0-e7404568af70', '8896a220-9e75-438c-98eb-6e3ceebaace1'),
('b5aa0645-361d-4ff3-b068-be297a9ff2a2', 'ac75d171-7084-44dd-8714-81f7cb8863b1'),
('61279e08-babc-432c-913c-fcfca27a28a6', 'ac75d171-7084-44dd-8714-81f7cb8863b1'),
('16bcf31c-3d94-4452-bbd2-6e0342f5b42d', 'ac75d171-7084-44dd-8714-81f7cb8863b1'),
('166de2d7-c513-4029-8543-c4077f192885', 'ac75d171-7084-44dd-8714-81f7cb8863b1'),
('d33611e0-f6f0-4a7c-bd1e-2b194f190996', 'ac75d171-7084-44dd-8714-81f7cb8863b1'),
('f71ba003-36bd-4b7f-889c-a81c1d6bf50d', '1518d8b9-19ef-448a-be6a-79e63a05896d'),
('1c3d8714-a971-4baa-bc8b-80251164e664', '1518d8b9-19ef-448a-be6a-79e63a05896d'),
('ac0718a4-0843-4d9c-8290-aff6167840df', '1518d8b9-19ef-448a-be6a-79e63a05896d'),
('42548474-b6da-4f90-bfa1-323a26bd888c', '1518d8b9-19ef-448a-be6a-79e63a05896d'),
('0fe2c9a0-fa88-43c1-9abb-f7e67aa52557', '1518d8b9-19ef-448a-be6a-79e63a05896d'),
('5e746876-6f7c-4df6-b430-f7df4230412b', 'c1a9b8d7-e6f5-4c3b-a2d1-0e9f8c7b6a5d'),
('ef96cbd1-3bb9-4fad-ab48-7a8fb2b65d77', 'c1a9b8d7-e6f5-4c3b-a2d1-0e9f8c7b6a5d'),
('647d6d5e-8b3b-4af7-b659-b5e5cc5a5120', 'c1a9b8d7-e6f5-4c3b-a2d1-0e9f8c7b6a5d'),
('2eff1ef4-916e-45a0-a84b-c7c075fd2011', 'c1a9b8d7-e6f5-4c3b-a2d1-0e9f8c7b6a5d'),
('42b24a18-5d80-4380-a155-dda450ede720', 'c1a9b8d7-e6f5-4c3b-a2d1-0e9f8c7b6a5d'),
('b4ad7eb8-688c-4036-8218-37b2a7608530', 'b2d1e0f9-c8b7-4a6d-9f5e-4c3b2a1d0e9f'),
('89a3bc1d-f955-4644-93d9-f33bf7fafde5', 'b2d1e0f9-c8b7-4a6d-9f5e-4c3b2a1d0e9f'),
('9b540e6c-6f2b-43a1-a0da-efd8b4f90dcb', 'b2d1e0f9-c8b7-4a6d-9f5e-4c3b2a1d0e9f'),
('1086c4be-670b-4d4b-9043-f41a19097749', 'b2d1e0f9-c8b7-4a6d-9f5e-4c3b2a1d0e9f'),
('774ceab7-1dd1-4e78-891d-0ff872cb4986', 'b2d1e0f9-c8b7-4a6d-9f5e-4c3b2a1d0e9f');

INSERT INTO "PUBLIC"."FLOOR" VALUES
(5, 10, 2119621, TIMESTAMP '2025-12-31 11:28:39.649726', TIMESTAMP '2025-12-31 11:28:39.649747', UUID '46d5756d-b720-4d15-95ac-3eb6aa02a067', 'Planta baja');

INSERT INTO "PUBLIC"."RESTAURANTTABLE" VALUES
(1, 0, 1, 1, TIMESTAMP '2025-12-31 11:35:55.978291', TIMESTAMP '2025-12-31 11:37:13.962823', UUID '46d5756d-b720-4d15-95ac-3eb6aa02a067', UUID 'dd25bd69-860a-40ff-80b4-5c6b6413a5d7', 'Mesa 1', 'AVAILABLE'),
(1, 0, 3, 1, TIMESTAMP '2025-12-31 11:36:00.536751', TIMESTAMP '2025-12-31 11:37:15.57612', UUID '46d5756d-b720-4d15-95ac-3eb6aa02a067', UUID '0bbbb848-954c-47bf-92dc-ec703331f3e2', 'Mesa 2', 'AVAILABLE'),
(1, 4, 1, 1, TIMESTAMP '2025-12-31 11:36:03.753906', TIMESTAMP '2025-12-31 11:37:32.272091', UUID '46d5756d-b720-4d15-95ac-3eb6aa02a067', UUID 'd68112d0-4710-4110-a1bd-d483039b5c4c', 'Mesa 3', 'AVAILABLE'),
(1, 4, 3, 1, TIMESTAMP '2025-12-31 11:37:01.549771', TIMESTAMP '2025-12-31 11:37:31.407162', UUID '46d5756d-b720-4d15-95ac-3eb6aa02a067', UUID '6700520d-754f-43b8-8502-db3cee8d4d19', 'Mesa 4', 'AVAILABLE'),
(1, 9, 1, 1, TIMESTAMP '2025-12-31 11:37:06.09166', TIMESTAMP '2025-12-31 11:37:24.926551', UUID '46d5756d-b720-4d15-95ac-3eb6aa02a067', UUID 'ac92b999-92c8-434d-b980-d0b16ad582aa', 'Mesa 5', 'AVAILABLE'),
(1, 9, 3, 1, TIMESTAMP '2025-12-31 11:37:11.153561', TIMESTAMP '2025-12-31 11:37:23.820283', UUID '46d5756d-b720-4d15-95ac-3eb6aa02a067', UUID 'a5fe1d6d-582b-40f4-90d7-9c72bc94d76e', 'Mesa 6', 'AVAILABLE');